topic;keywords
Apparel & Accessories;abrigo
Apparel & Accessories;accesorio
Apparel & Accessories;accesorios
Apparel & Accessories;accesorioslujo
Apparel & Accessories;accesoriosmoda
Apparel & Accessories;bellezaymoda
Apparel & Accessories;blazer
Apparel & Accessories;blusa
Apparel & Accessories;bolsodepiel
Apparel & Accessories;botas
Apparel & Accessories;camisa
Apparel & Accessories;camiseta
Apparel & Accessories;camperas
Apparel & Accessories;cartera
Apparel & Accessories;catalogodigital
Apparel & Accessories;chaleco
Apparel & Accessories;chaqueta
Apparel & Accessories;conjuntomoda
Apparel & Accessories;corbata
Apparel & Accessories;desfilemoda
Apparel & Accessories;diseñodemoda
Apparel & Accessories;estilo
Apparel & Accessories;estilobasico
Apparel & Accessories;estilocomodo
Apparel & Accessories;estilodevida
Apparel & Accessories;estilodiario
Apparel & Accessories;estiloexclusivo
Apparel & Accessories;estilojuvenil
Apparel & Accessories;estilopersonal
Apparel & Accessories;falda
Apparel & Accessories;fashion
Apparel & Accessories;fashionista
Apparel & Accessories;fastfashion
Apparel & Accessories;gafasdesol
Apparel & Accessories;inspiracionmoda
Apparel & Accessories;jeans
Apparel & Accessories;joyasinfluencer
Apparel & Accessories;joyeria
Apparel & Accessories;lookbook
Apparel & Accessories;lookbooksemana
Apparel & Accessories;lookcasual
Apparel & Accessories;lookdeoficina
Apparel & Accessories;lookinvierno
Apparel & Accessories;lookotoño
Apparel & Accessories;lookpersonal
Apparel & Accessories;lookprimavera
Apparel & Accessories;looktrendy
Apparel & Accessories;lookurbano
Apparel & Accessories;lookverano
Apparel & Accessories;minifalda
Apparel & Accessories;moda
Apparel & Accessories;modachic
Apparel & Accessories;modadigital
Apparel & Accessories;modaelegante
Apparel & Accessories;modainfantil
Apparel & Accessories;modajoven
Apparel & Accessories;modaplayera
Apparel & Accessories;modasemanal
Apparel & Accessories;modatiktok
Apparel & Accessories;modaurbana
Apparel & Accessories;ofertaropa
Apparel & Accessories;outfit
Apparel & Accessories;outfitcomodo
Apparel & Accessories;outfitdelujo
Apparel & Accessories;outfitfiesta
Apparel & Accessories;outfitideal
Apparel & Accessories;pantalones
Apparel & Accessories;pasarelamoda
Apparel & Accessories;playera
Apparel & Accessories;prendastendencia
Apparel & Accessories;revistademoda
Apparel & Accessories;ropa
Apparel & Accessories;ropaacolor
Apparel & Accessories;ropaadolescente
Apparel & Accessories;ropaconestilo
Apparel & Accessories;ropaecologica
Apparel & Accessories;ropaenrebaja
Apparel & Accessories;ropaescolar
Apparel & Accessories;ropaestilo
Apparel & Accessories;ropaformal
Apparel & Accessories;ropainfluencer
Apparel & Accessories;ropainformal
Apparel & Accessories;ropamoda
Apparel & Accessories;ropaocasional
Apparel & Accessories;ropaoutlet
Apparel & Accessories;ropaoversize
Apparel & Accessories;ropaparajovenes
Apparel & Accessories;ropaplayera
Apparel & Accessories;ropaunica
Apparel & Accessories;ropaúnica
Apparel & Accessories;ropaunisex
Apparel & Accessories;sandalias
Apparel & Accessories;shorts
Apparel & Accessories;streetlook
Apparel & Accessories;tacones
Apparel & Accessories;tendenciadiaria
Apparel & Accessories;tendencias
Apparel & Accessories;tendenciasdelmes
Apparel & Accessories;tendenciasinvierno
Apparel & Accessories;tendenciasoutfit
Apparel & Accessories;tendenciasrapidas
Apparel & Accessories;tendenciasverano
Apparel & Accessories;tiendavirtual
Apparel & Accessories;top
Apparel & Accessories;traje
Apparel & Accessories;uniformeescolar
Apparel & Accessories;vestido
Apparel & Accessories;vestidodiario
Apparel & Accessories;vestidonocturno
Apparel & Accessories;zapatos
Baby Kids & Maternity;actividadesparabebes
Baby Kids & Maternity;alimentacioninfantil
Baby Kids & Maternity;babero
Baby Kids & Maternity;barriguita
Baby Kids & Maternity;bebé
Baby Kids & Maternity;bebeencamino
Baby Kids & Maternity;bebeorganico
Baby Kids & Maternity;bebereciénnacido
Baby Kids & Maternity;bebetierno
Baby Kids & Maternity;biberón
Baby Kids & Maternity;biberones
Baby Kids & Maternity;carritobebé
Baby Kids & Maternity;carroinfantil
Baby Kids & Maternity;celosinfantiles
Baby Kids & Maternity;cesárea
Baby Kids & Maternity;clasedeparto
Baby Kids & Maternity;colicos
Baby Kids & Maternity;coloniainfantil
Baby Kids & Maternity;comunidadmamá
Baby Kids & Maternity;consejosdepadres
Baby Kids & Maternity;consejosmama
Baby Kids & Maternity;contracciones
Baby Kids & Maternity;controlesmedicos
Baby Kids & Maternity;crecimientoinfantil
Baby Kids & Maternity;crianza
Baby Kids & Maternity;crianzaconapego
Baby Kids & Maternity;cuarentena
Baby Kids & Maternity;cuentosparaNiños
Baby Kids & Maternity;cuidadodelbebe
Baby Kids & Maternity;cuidadomaterno
Baby Kids & Maternity;cuna
Baby Kids & Maternity;desarrolloinfantil
Baby Kids & Maternity;diariodemamá
Baby Kids & Maternity;dientedeleche
Baby Kids & Maternity;doula
Baby Kids & Maternity;educacioninfantil
Baby Kids & Maternity;embarazaditiktok
Baby Kids & Maternity;embarazo
Baby Kids & Maternity;embarazopositive
Baby Kids & Maternity;embarazoreal
Baby Kids & Maternity;embarazotiktok
Baby Kids & Maternity;esperandobebé
Baby Kids & Maternity;familiafeliz
Baby Kids & Maternity;gateo
Baby Kids & Maternity;guarderiafeliz
Baby Kids & Maternity;hermanitos
Baby Kids & Maternity;hijito
Baby Kids & Maternity;hijosfelices
Baby Kids & Maternity;introduccionalimentos
Baby Kids & Maternity;juegosinfantiles
Baby Kids & Maternity;juguetebebé
Baby Kids & Maternity;juguetoseducativos
Baby Kids & Maternity;lactancia
Baby Kids & Maternity;llantodelbebe
Baby Kids & Maternity;llorobebé
Baby Kids & Maternity;madrepadre
Baby Kids & Maternity;madresoltera
Baby Kids & Maternity;mamá
Baby Kids & Maternity;mamabloguera
Baby Kids & Maternity;mamadehoy
Baby Kids & Maternity;mamáestresada
Baby Kids & Maternity;mamáexperimentada
Baby Kids & Maternity;mamáfeliz
Baby Kids & Maternity;mamafit
Baby Kids & Maternity;mamáprimeriza
Baby Kids & Maternity;mamaybebe
Baby Kids & Maternity;mamiblog
Baby Kids & Maternity;mamifamilia
Baby Kids & Maternity;maternidad
Baby Kids & Maternity;maternidadfeliz
Baby Kids & Maternity;maternidadmoderna
Baby Kids & Maternity;maternidadpositiva
Baby Kids & Maternity;maternidadreal
Baby Kids & Maternity;mecedora
Baby Kids & Maternity;mesesdeembarazo
Baby Kids & Maternity;mimaternidad
Baby Kids & Maternity;momadvice
Baby Kids & Maternity;mujerembarazada
Baby Kids & Maternity;musicaInfantil
Baby Kids & Maternity;niñas
Baby Kids & Maternity;niñoenfermo
Baby Kids & Maternity;niños
Baby Kids & Maternity;nombreniña
Baby Kids & Maternity;nombreniño
Baby Kids & Maternity;padreal100
Baby Kids & Maternity;padresprimerizos
Baby Kids & Maternity;pañales
Baby Kids & Maternity;pañalesecologicos
Baby Kids & Maternity;papá
Baby Kids & Maternity;papadecasa
Baby Kids & Maternity;papilla
Baby Kids & Maternity;parto
Baby Kids & Maternity;partohumanizado
Baby Kids & Maternity;partonatural
Baby Kids & Maternity;partourbano
Baby Kids & Maternity;pedriatria
Baby Kids & Maternity;pesoaltura
Baby Kids & Maternity;pielbebe
Baby Kids & Maternity;primercontrol
Baby Kids & Maternity;primerospasos
Baby Kids & Maternity;puericultura
Baby Kids & Maternity;ropabebe
Baby Kids & Maternity;ropaBebé
Baby Kids & Maternity;saludinfantil
Baby Kids & Maternity;tipsbebé
Baby Kids & Maternity;tipsmaternidad
Baby Kids & Maternity;vacunasbebe
Baby Kids & Maternity;vidadefamilia
Baby Kids & Maternity;videobebé
Baby Kids & Maternity;videoseducativos
Beauty & Personal Care;ácidohialurónico
Beauty & Personal Care;aguaMicelar
Beauty & Personal Care;ampollascapilares
Beauty & Personal Care;antiedad
Beauty & Personal Care;autocuidado
Beauty & Personal Care;automaquillaje
Beauty & Personal Care;balayage
Beauty & Personal Care;basefluida
Beauty & Personal Care;beautycare
Beauty & Personal Care;beautyeditorial
Beauty & Personal Care;beautyinspo
Beauty & Personal Care;beautyradar
Beauty & Personal Care;beautyroutine
Beauty & Personal Care;beautytips
Beauty & Personal Care;cabello
Beauty & Personal Care;cejasnaturales
Beauty & Personal Care;cejasperfectas
Beauty & Personal Care;cejaspobladas
Beauty & Personal Care;cepilloelectrico
Beauty & Personal Care;comparativamaquillaje
Beauty & Personal Care;cortedepuntas
Beauty & Personal Care;cosméticanatural
Beauty & Personal Care;cosméticavegana
Beauty & Personal Care;cosméticos
Beauty & Personal Care;cremadiaria
Beauty & Personal Care;cremanoche
Beauty & Personal Care;cremapeinar
Beauty & Personal Care;crueltyfree
Beauty & Personal Care;cuidadocabello
Beauty & Personal Care;cuidadodelapiel
Beauty & Personal Care;cuidadofacial
Beauty & Personal Care;cuidadounas
Beauty & Personal Care;cutículas
Beauty & Personal Care;delineador
Beauty & Personal Care;dermatólogo
Beauty & Personal Care;esmalte
Beauty & Personal Care;estetica
Beauty & Personal Care;exfoliante
Beauty & Personal Care;fullglam
Beauty & Personal Care;glamour
Beauty & Personal Care;glow
Beauty & Personal Care;hidratante
Beauty & Personal Care;kbeauty
Beauty & Personal Care;kitmaquillaje
Beauty & Personal Care;labial
Beauty & Personal Care;labiosglossy
Beauty & Personal Care;labiosmate
Beauty & Personal Care;laminadodecejas
Beauty & Personal Care;limpiadorfacial
Beauty & Personal Care;lipbalm
Beauty & Personal Care;lookdiario
Beauty & Personal Care;lookglam
Beauty & Personal Care;looknatural
Beauty & Personal Care;manicuragel
Beauty & Personal Care;maquillaje
Beauty & Personal Care;maquillajeartístico
Beauty & Personal Care;maquillajededia
Beauty & Personal Care;maquillajedediaadia
Beauty & Personal Care;maquillajedenoche
Beauty & Personal Care;maquillajedrama
Beauty & Personal Care;maquillajefacil
Beauty & Personal Care;maquillajeinfalible
Beauty & Personal Care;maquillajekorean
Beauty & Personal Care;maquillajepielmorena
Beauty & Personal Care;maquillajeprofesional
Beauty & Personal Care;mascarilla
Beauty & Personal Care;mechas
Beauty & Personal Care;nailcare
Beauty & Personal Care;naildesign
Beauty & Personal Care;niacinamida
Beauty & Personal Care;nightroutine
Beauty & Personal Care;ondulador
Beauty & Personal Care;pedicura
Beauty & Personal Care;peinado
Beauty & Personal Care;perfume
Beauty & Personal Care;pestañasvolumen
Beauty & Personal Care;pielgrasa
Beauty & Personal Care;pielmixta
Beauty & Personal Care;pielperfecta
Beauty & Personal Care;pielseca
Beauty & Personal Care;polvocompacto
Beauty & Personal Care;probandoProductos
Beauty & Personal Care;productosbelleza
Beauty & Personal Care;proteccionsolar
Beauty & Personal Care;protectorcalor
Beauty & Personal Care;resenaproducto
Beauty & Personal Care;reseñabelleza
Beauty & Personal Care;retinol
Beauty & Personal Care;rimel
Beauty & Personal Care;rostroluminoso
Beauty & Personal Care;rostrosinporos
Beauty & Personal Care;rubor
Beauty & Personal Care;rutinaspa
Beauty & Personal Care;salondebelleza
Beauty & Personal Care;serumcapilar
Beauty & Personal Care;sinmaquillaje
Beauty & Personal Care;skincare
Beauty & Personal Care;skincareglow
Beauty & Personal Care;spaencasa
Beauty & Personal Care;tintedecejas
Beauty & Personal Care;tipsdebelleza
Beauty & Personal Care;tonico
Beauty & Personal Care;transformacionmaquillaje
Beauty & Personal Care;trucosmaquillaje
Beauty & Personal Care;tutomaquillaje
Beauty & Personal Care;uñas
Beauty & Personal Care;uñasdecoradas
Beauty & Personal Care;uñasmate
Beauty & Personal Care;uñassemipermanentes
Business Services;asesoríafinanciera
Business Services;asesoríalaboral
Business Services;atencionalcliente
Business Services;automatizacion
Business Services;brandingcreativo
Business Services;campañasdigitales
Business Services;campañaspublicitarias
Business Services;clientes
Business Services;clientesfelices
Business Services;clientespotenciales
Business Services;comercioelectrónico
Business Services;consultordigital
Business Services;consultoriaempresarial
Business Services;consultoríamarketing
Business Services;crearempresa
Business Services;creartienda
Business Services;crecimientodigital
Business Services;crecimientolaboral
Business Services;crecimientoventas
Business Services;crm
Business Services;desarrollolaboral
Business Services;disenodemarca
Business Services;embudodeventas
Business Services;emprendeconexito
Business Services;emprendedoreslatam
Business Services;emprendehoy
Business Services;emprender
Business Services;emprenderconexito
Business Services;emprenderdigital
Business Services;emprendimiento
Business Services;emprendimientofemenino
Business Services;empresaeficiente
Business Services;empresaemergente
Business Services;empresasexitosas
Business Services;equipodeventas
Business Services;estrategia
Business Services;estrategiadigital
Business Services;expansion
Business Services;finanzascorporativas
Business Services;finanzasinteligentes
Business Services;franquicia
Business Services;freelance
Business Services;fuerzadeventas
Business Services;funnels
Business Services;ganardinero
Business Services;gestionclientes
Business Services;gestionempresarial
Business Services;gestionproyectos
Business Services;gestiontiempo
Business Services;growthhacking
Business Services;herramientasdigitales
Business Services;ingresospasivos
Business Services;innovacionempresarial
Business Services;innovacionestrategica
Business Services;inteligenciaempresarial
Business Services;liderazgocoach
Business Services;liderazgofemenino
Business Services;marcapersonal
Business Services;marketingdigital
Business Services;marketingprofesional
Business Services;mentoriadenegocios
Business Services;mentornegocios
Business Services;modelocanvas
Business Services;modeloDeNegocio
Business Services;monetiza
Business Services;negociocompetitivo
Business Services;negociodigital
Business Services;negociodigitalexitoso
Business Services;negociofamiliar
Business Services;negocioglobal
Business Services;negociolocal
Business Services;negocios
Business Services;negocios2025
Business Services;negociotiktok
Business Services;negociovirtual
Business Services;networkingpro
Business Services;nombredeempresa
Business Services;nuevanegocio
Business Services;oportunidadenegocio
Business Services;planDeNegocio
Business Services;planfinanciero
Business Services;planificacionestrategica
Business Services;presenciadigital
Business Services;productividad
Business Services;propuestadevalor
Business Services;proyectosonline
Business Services;publicidad
Business Services;publicidadestrategica
Business Services;pymechilena
Business Services;pymesexitosas
Business Services;pymesinnovadoras
Business Services;redesprofesionales
Business Services;seremprendedor
Business Services;serfreelancer
Business Services;serviciosfreelance
Business Services;startup
Business Services;startupchilena
Business Services;startupespañola
Business Services;talleremprendedor
Business Services;tendenciasnegocios
Business Services;tiktokads
Business Services;tiktokparanegocios
Business Services;transformaciondigital
Business Services;transformacionempresarial
Business Services;ventas
Business Services;ventascreativas
Business Services;ventascreativas2
Business Services;ventasdigitales
Business Services;ventaseficientes
Business Services;ventasmasivas
Education;appsparaestudiar
Education;aprenderhaciendo
Education;aprenderidiomas
Education;aprenderjugando
Education;aprendizaje
Education;apuntes
Education;aulavirtual
Education;bachillerato
Education;becasuniversitarias
Education;capacitación
Education;clasedemuestra
Education;clases
Education;clasesdearte
Education;clasevirtual
Education;clubdeciencia
Education;clubdelectura
Education;coachingeducativo
Education;competenciasdigitales
Education;comprensionlectora
Education;cuadernointeligente
Education;cuadrodehonor
Education;cuentos
Education;curiosidadintelectual
Education;dialogosingles
Education;didactica
Education;disciplinadeestudio
Education;doctorado
Education;educacion
Education;educacionambiental
Education;educacioncreativa
Education;educacióndigital
Education;educacionemocional
Education;educacionfisica
Education;educaciongratuita
Education;educacioninclusiva
Education;educacionmusical
Education;educaciónonline
Education;educacionparaadultos
Education;educacionparticipativa
Education;educacionprimaria
Education;educacionsecundaria
Education;educacionsexual
Education;educacionsinfronteras
Education;educacionsuperior
Education;enseñanzainclusiva
Education;espanolparaextranjeros
Education;estudiantes
Education;estudiarmas
Education;estudio
Education;evaluacioncontinua
Education;examenesuniversidad
Education;examenfinal
Education;experimentosciencia
Education;feriadelibros
Education;formaciondocente
Education;gamificacion
Education;grupoestudio
Education;historia
Education;historiadelarte
Education;horarioestudio
Education;idiomas
Education;idiomasgratis
Education;inglesfacil
Education;investigacionacademica
Education;lectura
Education;lecturacritica
Education;lecturarecreativa
Education;licenciatura
Education;literaturainfantil
Education;mapaconceptual
Education;master
Education;matematicasdivertidas
Education;materialesdeestudio
Education;mentoriaeducativa
Education;monografia
Education;motivacionacademica
Education;motivacionestudio
Education;notasalumnado
Education;oposiciones
Education;organizadorestudio
Education;pedagogia
Education;pinturainfantil
Education;plataformaeducativa
Education;plataformasvirtuales
Education;poesia
Education;postgrado
Education;practicaringles
Education;profesor
Education;profesoradigital
Education;profesores
Education;programacióninfantil
Education;pronunciacioningles
Education;proyectoscolares
Education;psicologia
Education;recursoseducativos
Education;resumenes
Education;retosdeestudio
Education;roboticaeducativa
Education;sistemadeevaluacion
Education;subrayado
Education;tallereseducativos
Education;tareasparahoy
Education;tecnicasdeestudio
Education;tesis
Education;tics
Education;trabajofinal
Education;tutoria
Education;universidad
Education;vocabularioingles
Financial Services;acciones
Financial Services;administracionfinanciera
Financial Services;ahorrarmas
Financial Services;ahorrarparaviajar
Financial Services;ahorro
Financial Services;ahorroautomático
Financial Services;ahorrofamiliar
Financial Services;ahorrojoven
Financial Services;ahorroyviajes
Financial Services;analisisfinanciero
Financial Services;asesorfinanciero
Financial Services;autonomíaeconómica
Financial Services;bancos
Financial Services;binance
Financial Services;bitcoin
Financial Services;blockchain
Financial Services;bonos
Financial Services;broker
Financial Services;carterainversion
Financial Services;compraracciones
Financial Services;consolidaciondedudas
Financial Services;consultorfinanciero
Financial Services;consultoriafinanciera
Financial Services;contabilidad
Financial Services;contadordigital
Financial Services;controlgastos
Financial Services;crearfondo
Financial Services;creditosalconsumo
Financial Services;cripto
Financial Services;criptomonedas
Financial Services;cuentasclaras
Financial Services;deudabuena
Financial Services;deudamala
Financial Services;dineroentiktok
Financial Services;dineroextra
Financial Services;dinerointeligente
Financial Services;dineronline
Financial Services;diversificacion
Financial Services;dividendos
Financial Services;dowjones
Financial Services;economiahogar
Financial Services;economiapersonal
Financial Services;educacionfinanciera
Financial Services;ethereum
Financial Services;exchangecripto
Financial Services;expertofinanzas
Financial Services;finanzas
Financial Services;finanzasaldiadia
Financial Services;finanzasenpareja
Financial Services;finanzashoy
Financial Services;finanzasinversion
Financial Services;finanzaspersonales
Financial Services;finanzaspersonales2025
Financial Services;finanzaspersonalesfaciles
Financial Services;finanzaspremium
Financial Services;finanzassanas
Financial Services;finanzassimples
Financial Services;finanzasteen
Financial Services;finanzasynegocios
Financial Services;fondodeemergencia
Financial Services;fondodepensiones
Financial Services;fondosmutuos
Financial Services;gananciacapital
Financial Services;gestiondeldinero
Financial Services;gestioneconomica
Financial Services;graficoacciones
Financial Services;hipoteca
Financial Services;historialcrediticio
Financial Services;impuestos
Financial Services;inteligenciafinanciera
Financial Services;intereses
Financial Services;inversion
Financial Services;inversiones2025
Financial Services;inversionsegura
Financial Services;invertirdesdecero
Financial Services;libertadfinanciera
Financial Services;librosdefinanzas
Financial Services;mentorfinanciero
Financial Services;mercadodevalores
Financial Services;metasfinancieras
Financial Services;metatrader
Financial Services;metodo50-30-20
Financial Services;microahorros
Financial Services;nasdaq
Financial Services;nft
Financial Services;organizacionfinanciera
Financial Services;pagomensual
Financial Services;planificacionfinanciera
Financial Services;planjubilacion
Financial Services;podcastfinanzas
Financial Services;portafoliodigital
Financial Services;prestamoauto
Financial Services;prestamoestudios
Financial Services;prestamopersonal
Financial Services;presupuestoanual
Financial Services;puntajedecredito
Financial Services;rentabilidad
Financial Services;riesgofinanciero
Financial Services;tarjetaCredito
Financial Services;tarjetadebito
Financial Services;tarjetadecredito
Financial Services;tiktokfinanzas
Financial Services;trading
Financial Services;tradingonline
Financial Services;walletdigital
Financial Services;wallstreet
Food & Beverage;almuerzo
Food & Beverage;almuerzorapido
Food & Beverage;almuerzosaludable
Food & Beverage;antojitos
Food & Beverage;antojitosmexicanos
Food & Beverage;antojodulce
Food & Beverage;antojossaludables
Food & Beverage;arepas
Food & Beverage;batchcooking
Food & Beverage;batidossaludables
Food & Beverage;bebidasnaturales
Food & Beverage;bizcochos
Food & Beverage;bowl
Food & Beverage;cafecito
Food & Beverage;caféhelado
Food & Beverage;cena
Food & Beverage;cenasaludable
Food & Beverage;cenasfaciles
Food & Beverage;cervezaartesanal
Food & Beverage;chef
Food & Beverage;chefencasa
Food & Beverage;chefprofesional
Food & Beverage;cocina
Food & Beverage;cocinaargentina
Food & Beverage;cocinaasiatica
Food & Beverage;cocinacasera
Food & Beverage;cocinachilena
Food & Beverage;cocinacriolla
Food & Beverage;cocinaespañola
Food & Beverage;cocinafitness
Food & Beverage;cocinamexicana
Food & Beverage;cocinandoencasa
Food & Beverage;cocinandojuntos
Food & Beverage;cocinaorganizada
Food & Beverage;cocinaoriental
Food & Beverage;cocinarconniños
Food & Beverage;cocinarfacil
Food & Beverage;cocinasaludable
Food & Beverage;cocinavegana
Food & Beverage;cocinavegetariana
Food & Beverage;cocteles
Food & Beverage;comidacallejera
Food & Beverage;comidaoriental
Food & Beverage;comidaparatodos
Food & Beverage;comidareal
Food & Beverage;comidasana
Food & Beverage;comidasingluten
Food & Beverage;comidasinharina
Food & Beverage;desayuno
Food & Beverage;desayunoproteico
Food & Beverage;desayunorico
Food & Beverage;dietaflexible
Food & Beverage;empanadas
Food & Beverage;ensaladas
Food & Beverage;foodtruck
Food & Beverage;galletas
Food & Beverage;gastronomía
Food & Beverage;guíagastronómica
Food & Beverage;hamburguesas
Food & Beverage;hamburguesavegana
Food & Beverage;heladocasero
Food & Beverage;hidratarse
Food & Beverage;infusiones
Food & Beverage;jugosnaturales
Food & Beverage;lactosafree
Food & Beverage;licuados
Food & Beverage;lonchera
Food & Beverage;lowcarb
Food & Beverage;maridaje
Food & Beverage;masa
Food & Beverage;masamadre
Food & Beverage;maté
Food & Beverage;mealprep
Food & Beverage;menúsemanal
Food & Beverage;meriendafit
Food & Beverage;mixología
Food & Beverage;nachos
Food & Beverage;pan
Food & Beverage;panaderia
Food & Beverage;panhechoencasa
Food & Beverage;pastelería
Food & Beverage;pizzacasera
Food & Beverage;platosveganos
Food & Beverage;poke
Food & Beverage;postre
Food & Beverage;postresfáciles
Food & Beverage;recetas
Food & Beverage;recetasfaciles
Food & Beverage;recetasfit
Food & Beverage;recetasparaniños
Food & Beverage;recetasrapidas
Food & Beverage;recetasricas
Food & Beverage;recetassaludables
Food & Beverage;recetastiktok
Food & Beverage;recetaviral
Food & Beverage;reposteríacasera
Food & Beverage;reviewscomida
Food & Beverage;saboresdelatinoamérica
Food & Beverage;saboresdelmundo
Food & Beverage;sinazucar
Food & Beverage;smoothie
Food & Beverage;streetfood
Food & Beverage;tacos
Food & Beverage;tartas
Food & Beverage;teverde
Food & Beverage;toprestaurantes
Food & Beverage;tragos
Food & Beverage;vino
Food & Beverage;visitarrestaurantes
Games;accion
Games;acertijos
Games;analisisjuego
Games;appdejuegos
Games;batallaroyal
Games;clasificacion
Games;coleccionjuegos
Games;competiciones
Games;consejosgaming
Games;consola
Games;cooperativo
Games;cosplaygaming
Games;descubriendojuego
Games;destreza
Games;dificultadmaxima
Games;directogaming
Games;diseñojuegos
Games;engineunreal
Games;epicfail
Games;esportsteam
Games;failgaming
Games;finalepico
Games;fortnite
Games;fps
Games;gameart
Games;gamecommunity
Games;gameevent
Games;gamehighlight
Games;gameplay
Games;gamer
Games;gamergirl
Games;gamerguy
Games;gamerslatino
Games;gaming2025
Games;gaminglife
Games;ganepartida
Games;guiajuego
Games;historiajuego
Games;juegodemesa
Games;juegodemoda
Games;juegohorror
Games;juegolatino
Games;juegosecreto
Games;juegosfamiliares
Games;juegosfuturos
Games;juegosgratis
Games;juegoslogica
Games;juegosmentales
Games;juegosmovil
Games;juegosnintendo
Games;juegospc
Games;juegosproximos
Games;juegosps5
Games;juegosxbox
Games;juegotendencia
Games;juegoviral
Games;jugadasincreibles
Games;jugadores
Games;jugadorgamer
Games;jugadorpro
Games;jugando
Games;lanzamientos
Games;lol
Games;lootbox
Games;mejoresjugadas
Games;memoria
Games;minecraft
Games;minijuegos
Games;mobilegames
Games;modoCampaña
Games;modoextremo
Games;momentoepico
Games;multijugador
Games;mundoabierto
Games;narrativainteractiva
Games;niveles
Games;noticiasgaming
Games;nuevojuego
Games;partyGames
Games;pasandolnivel
Games;pasebatalla
Games;programaciondejuegos
Games;puzzle
Games;ranking
Games;reaccionjugando
Games;resumenpartida
Games;retrogames
Games;rompecabezas
Games;rpg
Games;sandbox
Games;simulacion
Games;skins
Games;streamergamer
Games;streaming
Games;survival
Games;switchgames
Games;terror
Games;torneolive
Games;torneoonline
Games;trailerjuegos
Games;trucosdejuego
Games;trucosescondidos
Games;twitch
Games;unity
Games;valorant
Games;videogames
Games;videojuegos
Health;alimentacionsana
Health;andropausia
Health;ansiedad
Health;autoconocimiento
Health;autoestima
Health;ayuno
Health;ayunointermitente
Health;bienestar
Health;bienestargeneral
Health;burnout
Health;calcio
Health;calorias
Health;cancerprevencion
Health;cardio
Health;cardiologia
Health;cardiotrain
Health;chequeomedico
Health;ciclomenstrual
Health;colesterolalto
Health;columna
Health;comerbien
Health;comersaludable
Health;consultamedica
Health;controlcalorias
Health;controlesalud
Health;cuidadoenfermeria
Health;cuidadopersonal
Health;depresion
Health;diabetescontrolada
Health;diagnostico
Health;dietabalanceada
Health;dietistas
Health;doloresdeespalda
Health;doloresmusculares
Health;embarazosaludable
Health;emergenciasmedicas
Health;emociones
Health;entrenamientofuncional
Health;epidemiologia
Health;equilibrio
Health;estres
Health;fisioterapeuta
Health;fitness
Health;fitoterapia
Health;flexibilidad
Health;fuerzamuscular
Health;gestionemocional
Health;gimnasio
Health;habitossaludables
Health;hidratarsebien
Health;hierro
Health;higiene
Health;hipertension
Health;hormonas
Health;inmunidad
Health;inteligenciaemocional
Health;kinesiologia
Health;lesionesdeportivas
Health;macros
Health;medicamentos
Health;menopausia
Health;menstruacionconsciente
Health;metodocontraceptivo
Health;micronutrientes
Health;mindsetpositivo
Health;nutrición
Health;nutricionconsciente
Health;nutriologos
Health;oncologia
Health;parejassanas
Health;pesas
Health;planalimenticio
Health;planesalimenticios
Health;plantasmedicinales
Health;postura
Health;preparacionparto
Health;prevencionsalud
Health;primerosauxilios
Health;prostataverificada
Health;psicología
Health;psicologoonline
Health;quiropraxia
Health;recuperacion
Health;rehabilitacionfisica
Health;remediosnaturales
Health;resistencia
Health;salud
Health;saludenadolescentes
Health;saludfemenina
Health;saludfísica
Health;saludholistica
Health;saludintegral
Health;saludmasculina
Health;saludmental
Health;saludmentalpositiva
Health;saludpreventiva
Health;saludpublica
Health;saludsexual
Health;terapiapsicologica
Health;tomaragua
Health;tratamiento
Health;vacunacion
Health;vidasanayactiva
Health;vitaminaD
Health;vitaminas
Health;yogasalud
Health;zinc
Home Improvement;actualizacioninterior
Home Improvement;ahorroenergetico
Home Improvement;aislamientotermico
Home Improvement;alacenaorganizada
Home Improvement;alarmainteligente
Home Improvement;almacenajedecasa
Home Improvement;ambientesacogedores
Home Improvement;antesydespueshogar
Home Improvement;artepared
Home Improvement;automatizacionhogar
Home Improvement;bañomoderno
Home Improvement;bricolaje
Home Improvement;camarasvigilancia
Home Improvement;casadeensueño
Home Improvement;ceramicos
Home Improvement;climatizacion
Home Improvement;closetorganizado
Home Improvement;colorespared
Home Improvement;cortinasdecorativas
Home Improvement;cuadrosdecorativos
Home Improvement;decoración
Home Improvement;decoracionfiestas
Home Improvement;decoracioninterior
Home Improvement;decoracionnavideña
Home Improvement;decoraciontemporada
Home Improvement;diseñocloset
Home Improvement;diseñococina
Home Improvement;diseñodeinteriores
Home Improvement;diy
Home Improvement;diydecoracion
Home Improvement;domotica
Home Improvement;duchahidromasaje
Home Improvement;ecohogar
Home Improvement;empapelado
Home Improvement;espaciomoderno
Home Improvement;espaciosbonitos
Home Improvement;espaciosreducidos
Home Improvement;espejosinteligentes
Home Improvement;estanterias
Home Improvement;estiloboho
Home Improvement;estiloclasico
Home Improvement;estiloindustrial
Home Improvement;estilominimalista
Home Improvement;estilorustico
Home Improvement;guardarropa
Home Improvement;herramientaselectricas
Home Improvement;hogar
Home Improvement;hogardigital
Home Improvement;hogarinteligente
Home Improvement;hogarsostenible
Home Improvement;homestyling
Home Improvement;huerto
Home Improvement;huertoencasa
Home Improvement;ideasdeco
Home Improvement;iluminacionled
Home Improvement;interiorismo
Home Improvement;islacocina
Home Improvement;jardinería
Home Improvement;jardinvertical
Home Improvement;lamparasmodernas
Home Improvement;lavabomoderno
Home Improvement;luznatural
Home Improvement;maderanatural
Home Improvement;manosalaobra
Home Improvement;mejoracontinua
Home Improvement;muebles
Home Improvement;mueblesbaño
Home Improvement;mueblescocina
Home Improvement;mueblesdejardin
Home Improvement;mueblesreciclados
Home Improvement;organizadordehogar
Home Improvement;paletadecolores
Home Improvement;panelessolares
Home Improvement;parrillero
Home Improvement;patiodecorado
Home Improvement;pintura
Home Improvement;pinturadecasa
Home Improvement;pinturainterior
Home Improvement;piscinacasa
Home Improvement;piso
Home Improvement;plantas
Home Improvement;plantasinterior
Home Improvement;plantassuculentas
Home Improvement;proyectodeco
Home Improvement;proyectohogar
Home Improvement;puertasmodernas
Home Improvement;reforma
Home Improvement;reformatotal
Home Improvement;remodelacionbaño
Home Improvement;remodelacioncocina
Home Improvement;renovacionhogar
Home Improvement;renovarparedes
Home Improvement;renuevatuhogar
Home Improvement;reparacioneshogar
Home Improvement;repisas
Home Improvement;restauracionmuebles
Home Improvement;reutilizar
Home Improvement;seguridadhogar
Home Improvement;solucionesalmacenaje
Home Improvement;suelos
Home Improvement;tallerbricolaje
Home Improvement;terraza
Home Improvement;texturaspared
Home Improvement;toalleroeléctrico
Home Improvement;ventanas
Home Improvement;ventilacion
Home Improvement;vestidor
Home Improvement;vinilopared
Home Improvement;zapateras
Home Improvement;zonaBBQ
Household Products;abrillantador
Household Products;aceitesesenciales
Household Products;ahorradorenergía
Household Products;alfombralimpia
Household Products;almacenajeeficiente
Household Products;ambientador
Household Products;ambientadornatural
Household Products;ambientecuidado
Household Products;antical
Household Products;antigrasa
Household Products;aromacasa
Household Products;aspiradora
Household Products;aspiradorainalámbrica
Household Products;basuralimpia
Household Products;bicarbonatouso
Household Products;botesorganizacion
Household Products;cajasalmacenaje
Household Products;cajasdecoradas
Household Products;ceradelimpieza
Household Products;clasificacionresiduos
Household Products;clorogel
Household Products;colgadores
Household Products;comprahogar
Household Products;cubodebasura
Household Products;deshumidificador
Household Products;desinfeccion
Household Products;desinfectante
Household Products;detergente
Household Products;detergentecasero
Household Products;difusoraceites
Household Products;dispensadores
Household Products;ecoamigable
Household Products;enchufeinteligente
Household Products;envasesreutilizables
Household Products;escobaelectrica
Household Products;esponjasmagicas
Household Products;etiquetascaseras
Household Products;filtracionaire
Household Products;fraganciashogar
Household Products;frascosvidrio
Household Products;fregonatradicional
Household Products;freidorasinaceite
Household Products;gadgets
Household Products;gadgetsutiles
Household Products;ganchosropa
Household Products;hacksdecasa
Household Products;higrometro
Household Products;hogarorganizado
Household Products;humidificador
Household Products;inventoshogar
Household Products;lavadora
Household Products;lavadoradealtaeficiencia
Household Products;lavamanoslimpio
Household Products;lavavajillas
Household Products;limpiadornatural
Household Products;limpiadorpiso
Household Products;limpiaventanas
Household Products;limpieza
Household Products;limpiezabaño
Household Products;limpiezacristales
Household Products;limpiezadiaria
Household Products;limpiezaprofunda
Household Products;mantenimientohogar
Household Products;mopas
Household Products;multiusos
Household Products;ordenencajones
Household Products;ordenencasa
Household Products;ordennevera
Household Products;organización
Household Products;organizacionbaño
Household Products;organizacioncocina
Household Products;organizadordecloset
Household Products;organizadordespensa
Household Products;papelerainteligente
Household Products;plancha
Household Products;planchaautomatica
Household Products;planchadofacil
Household Products;probandohogar
Household Products;productosbiodegradables
Household Products;productoscaseros
Household Products;productosdelhogar
Household Products;productosdelimpieza
Household Products;productoslimpieza
Household Products;productosmultiuso
Household Products;productosorganicos
Household Products;productosvirales
Household Products;purificadordeaire
Household Products;reciclajehogar
Household Products;reviewhogar
Household Products;robotaspiradora
Household Products;robotlimpieza
Household Products;roombaexperiencia
Household Products;ropaorganizada
Household Products;secadoraropa
Household Products;secadorplatos
Household Products;separadorescajones
Household Products;sincal
Household Products;tapetes
Household Products;tenderinteligente
Household Products;termometroambiental
Household Products;tiktokmehizocomprarlo
Household Products;trapeado
Household Products;traposmicrofibra
Household Products;trasteroorganizado
Household Products;trucoahorroagua
Household Products;trucosahorro
Household Products;trucoslimpieza
Household Products;utensilioscocina
Household Products;ventiladorportatil
Household Products;vinagreblanco
Life Services;accesoriosdiy
Life Services;agendapersonal
Life Services;ahorromes
Life Services;appsorganizacion
Life Services;appsvida
Life Services;artesanías
Life Services;asistentepersonal
Life Services;asmrhogar
Life Services;autoayuda
Life Services;autoconfianza
Life Services;bienestaremocional
Life Services;bordado
Life Services;calendariopersonal
Life Services;citasmedicas
Life Services;coachingvida
Life Services;consejoprofesional
Life Services;consejos
Life Services;consejoshogar
Life Services;consultasalud
Life Services;costura
Life Services;crecimientopersonal
Life Services;crochet
Life Services;crochetcreativo
Life Services;cuidadoadultos
Life Services;cuidadoniños
Life Services;cuidodelhogar
Life Services;decoracionartesanal
Life Services;deliveryhogar
Life Services;desarrollopersonal
Life Services;desconexion
Life Services;desestresarse
Life Services;diarioagradecimiento
Life Services;diseñopersonalizado
Life Services;diyregalos
Life Services;domiciliosrapidos
Life Services;enfoquepersonal
Life Services;esteticamovil
Life Services;estilovida
Life Services;fiestas
Life Services;finanzascotidianas
Life Services;fotodecorativa
Life Services;fotolibro
Life Services;gestiogasto
Life Services;hábitossaludables
Life Services;hechoamano
Life Services;ideascreativas
Life Services;inspiraciondiaria
Life Services;joyeriahechamano
Life Services;lavanderiadomicilio
Life Services;lecturasinspiradoras
Life Services;librosmotivacionales
Life Services;lifehacks
Life Services;limpiezaintegral
Life Services;logros
Life Services;macramé
Life Services;mantenimientocasa
Life Services;mantras
Life Services;manualidades
Life Services;manualidadesfaciles
Life Services;masajesrelajantes
Life Services;meditacion
Life Services;mejorarproductividad
Life Services;mentorpersonal
Life Services;metaspersonales
Life Services;mindfulness
Life Services;minimalismopersonal
Life Services;motivaciondiaria
Life Services;motivacionpersonal
Life Services;ordenmental
Life Services;ordenycalma
Life Services;organizacióndiaria
Life Services;organizacionpersonal
Life Services;organizadorprofesional
Life Services;peluqueríaadomicilio
Life Services;podcastdesarrollo
Life Services;presupuestofamiliar
Life Services;procrastinacion
Life Services;redesapoyo
Life Services;regalosoriginales
Life Services;regalospersonalizados
Life Services;relajacionhogar
Life Services;relojesartesanales
Life Services;relojespared
Life Services;resinart
Life Services;resolucionproblemas
Life Services;rutinas
Life Services;rutinasdiarias
Life Services;rutinasproductivas
Life Services;satisfactorio
Life Services;scrapbook
Life Services;segurosvida
Life Services;serviciodomicilio
Life Services;simplificatuvida
Life Services;slowlife
Life Services;sostenibilidad
Life Services;superacion
Life Services;tazasdecoradas
Life Services;tiempoparati
Life Services;tiktoksutiles
Life Services;todolist
Life Services;trucos
Life Services;trucoviral
Life Services;velasdecorativas
Life Services;vidaorganizada
Life Services;vivirmejor
Life Services;vlog
Music & Entertainment;Adexe & Nau
Music & Entertainment;Afro Trap Pt. 3 (Champions League)
Music & Entertainment;Afro-trap
Music & Entertainment;Aitana
Music & Entertainment;ASMR
Music & Entertainment;Baby Don't Hurt Me
Music & Entertainment;Bachata
Music & Entertainment;Bad Bunny
Music & Entertainment;Bad Gyal
Music & Entertainment;baile viral
Music & Entertainment;Ballerina Cappucina Funk
Music & Entertainment;Batalla de gallos
Music & Entertainment;Bb trickz
Music & Entertainment;beatbox
Music & Entertainment;Bizarrap
Music & Entertainment;Blackpink
Music & Entertainment;BTS
Music & Entertainment;Buscando Money
Music & Entertainment;Calm Down
Music & Entertainment;Carla Frigo
Music & Entertainment;Chulo
Music & Entertainment;Coachella 2025
Music & Entertainment;coreografía
Music & Entertainment;Corridos tumbados
Music & Entertainment;cover
Music & Entertainment;cover de IA
Music & Entertainment;Cupid (Twin Ver)
Music & Entertainment;Cupido
Music & Entertainment;dance challenge
Music & Entertainment;Dembow
Music & Entertainment;dueto
Music & Entertainment;EDM
Music & Entertainment;El Merengue
Music & Entertainment;Ella Baila Sola
Music & Entertainment;Eras Tour
Music & Entertainment;ESTE
Music & Entertainment;Eurovisión 2025
Music & Entertainment;EXPERIMENTO
Music & Entertainment;fan edit
Music & Entertainment;Feid
Music & Entertainment;Flowers
Music & Entertainment;Funk carioca
Music & Entertainment;Garlochí
Music & Entertainment;Gata Only
Music & Entertainment;Guantanamera
Music & Entertainment;Hawaiian Roller Coaster Ride
Music & Entertainment;Hay Lupita
Music & Entertainment;Karol G
Music & Entertainment;Know No Better (Bad Bunny Remix)
Music & Entertainment;K-Pop
Music & Entertainment;La Tabla
Music & Entertainment;La Xinni
Music & Entertainment;LALA
Music & Entertainment;Línea del Perreo
Music & Entertainment;lip sync
Music & Entertainment;Lola Índigo
Music & Entertainment;Mandanga Style
Music & Entertainment;mashup
Music & Entertainment;Me Maten
Music & Entertainment;Me siento mejor
Music & Entertainment;Mercadona
Music & Entertainment;Mírame - Remix
Music & Entertainment;Natalia Jiménez
Music & Entertainment;No te debí besar
Music & Entertainment;OMG (NewJeans)
Music & Entertainment;Open verse challenge
Music & Entertainment;Pedro (Remix)
Music & Entertainment;Peligrosa
Music & Entertainment;Peso Pluma
Music & Entertainment;Playa del Inglés
Music & Entertainment;Quevedo
Music & Entertainment;Reggaetón
Music & Entertainment;remix
Music & Entertainment;reto viral
Music & Entertainment;Rosalía
Music & Entertainment;Se Pone Las Nike
Music & Entertainment;Seven (Jungkook)
Music & Entertainment;Shakira
Music & Entertainment;Shuffle
Music & Entertainment;Si Antes Te Hubiera Conocido
Music & Entertainment;Si te pegas
Music & Entertainment;Si te sabes el baile
Music & Entertainment;slow + reverb
Music & Entertainment;sonido viral
Music & Entertainment;Takikardia
Music & Entertainment;Taylor Swift
Music & Entertainment;Te llenaste
Music & Entertainment;Temazo
Music & Entertainment;Tengo Un Plan (Remix)
Music & Entertainment;Toa
Music & Entertainment;TQG
Music & Entertainment;Trap latino
Music & Entertainment;Twerk
Music & Entertainment;Twin Melody
Music & Entertainment;Un x100to
Music & Entertainment;versión acelerada
Music & Entertainment;versión acústica
Music & Entertainment;WANDA
Music & Entertainment;Watati
Music & Entertainment;Yandel 150
News & Entertainment;acontecimientos
News & Entertainment;actores
News & Entertainment;actrices
News & Entertainment;actualidadhoy
News & Entertainment;bafta
News & Entertainment;baile
News & Entertainment;bandas
News & Entertainment;cantantes
News & Entertainment;chistes
News & Entertainment;cinefilo
News & Entertainment;clipsdivertidos
News & Entertainment;comedia
News & Entertainment;comediaenespañol
News & Entertainment;comediaurbana
News & Entertainment;comediaviral
News & Entertainment;concierto
News & Entertainment;conciertosenespaña
News & Entertainment;concursos
News & Entertainment;creadoresdecontenido
News & Entertainment;critica
News & Entertainment;cultura
News & Entertainment;doblajes
News & Entertainment;documentales
News & Entertainment;dramas
News & Entertainment;emmys
News & Entertainment;entretenimiento
News & Entertainment;entretiktok
News & Entertainment;entrevista
News & Entertainment;espectaculos
News & Entertainment;estrenos
News & Entertainment;eventos
News & Entertainment;fail
News & Entertainment;famosos
News & Entertainment;farandula
News & Entertainment;festivales
News & Entertainment;festivalesmusicales
News & Entertainment;filmografia
News & Entertainment;galas
News & Entertainment;gossip
News & Entertainment;grammys
News & Entertainment;hechosreales
News & Entertainment;humor
News & Entertainment;humorinternet
News & Entertainment;humorlatino
News & Entertainment;humorpicante
News & Entertainment;imitaciones
News & Entertainment;influencers
News & Entertainment;informacionutil
News & Entertainment;lanzamientomusical
News & Entertainment;memes
News & Entertainment;miniseries
News & Entertainment;modaalfombra
News & Entertainment;momentoviral
News & Entertainment;mtvawards
News & Entertainment;música
News & Entertainment;noticias
News & Entertainment;noticiasactuales
News & Entertainment;noticiascine
News & Entertainment;noticiasdiarias
News & Entertainment;noticiasfamosos
News & Entertainment;noticiasimpactantes
News & Entertainment;noticiasmundo
News & Entertainment;noticiasmusica
News & Entertainment;noticiaspositivas
News & Entertainment;noticiavirales
News & Entertainment;nuevacancion
News & Entertainment;nuevosonido
News & Entertainment;opiniones
News & Entertainment;oscars
News & Entertainment;parati
News & Entertainment;parodias
News & Entertainment;película
News & Entertainment;periodismo
News & Entertainment;podcast
News & Entertainment;premiaciones
News & Entertainment;presentadores
News & Entertainment;programastv
News & Entertainment;realityshow
News & Entertainment;recapsemana
News & Entertainment;redcarpet
News & Entertainment;reportaje
News & Entertainment;resenas
News & Entertainment;resumennoticias
News & Entertainment;revistatv
News & Entertainment;risasaseguradas
News & Entertainment;romance
News & Entertainment;series
News & Entertainment;seriesamazon
News & Entertainment;serieshbo
News & Entertainment;seriesnetflix
News & Entertainment;sketches
News & Entertainment;standup
News & Entertainment;streamers
News & Entertainment;suspenso
News & Entertainment;thriller
News & Entertainment;tiktokfunny
News & Entertainment;topseries
News & Entertainment;tourinternacional
News & Entertainment;trailers
News & Entertainment;trendingnow
News & Entertainment;tvshows
News & Entertainment;ultimahora
News & Entertainment;videoclips
News & Entertainment;videodivertido
News & Entertainment;virales
News & Entertainment;viralty
News & Entertainment;youtubers
Pets;accesoriosmascotas
Pets;adiestramientocanino
Pets;adopción
Pets;adopcionmascotas
Pets;adopcionresponsable
Pets;adopta
Pets;alimentacionmascota
Pets;animalesdomesticos
Pets;animalitos
Pets;bañomascota
Pets;cachorro
Pets;caminatacanina
Pets;cepilladogato
Pets;cepilladoperro
Pets;comidagatos
Pets;comidaperros
Pets;comunidaddemascotas
Pets;conejo
Pets;consultaVeterinaria
Pets;convivenciamascotas
Pets;correaperro
Pets;cuidadocanino
Pets;cuidadoconejo
Pets;cuidadodemascotas
Pets;cuidadogato
Pets;cuidadoresmascota
Pets;entrenadorcanino
Pets;entrenamientomascotas
Pets;galletasmascota
Pets;gatitos
Pets;gatitotierno
Pets;gatitoviral
Pets;gato
Pets;gatodormido
Pets;gatoindependiente
Pets;gatoscaseros
Pets;gatossimpaticos
Pets;gatoviral
Pets;hospitalveterinario
Pets;juguetemasco
Pets;juguetesgatos
Pets;juguetesperros
Pets;limpiezamascota
Pets;mascota
Pets;mascotabebé
Pets;mascotachic
Pets;mascotacreativa
Pets;mascotacriolla
Pets;mascotadeaventura
Pets;mascotadeinstagram
Pets;mascotadelhogar
Pets;mascotadelmes
Pets;mascotadivertida
Pets;mascotadomestica
Pets;mascotadormilona
Pets;mascotadulce
Pets;mascotafeliz
Pets;mascotaincreible
Pets;mascotapopular
Pets;mascotaraza
Pets;mascotasabandonadas
Pets;mascotascarismáticas
Pets;mascotasdeinternet
Pets;mascotasdelhogar
Pets;mascotasdivertidas
Pets;mascotasentrenadas
Pets;mascotasestilo
Pets;mascotasfamilia
Pets;mascotasfelices
Pets;mascotasfeliceshoy
Pets;mascotasgraciosas
Pets;mascotasgrandes
Pets;mascotasinteligentes
Pets;mascotasinterior
Pets;mascotaspeludas
Pets;mascotaspequeñas
Pets;mascotasrescatadas
Pets;mascotastiernas
Pets;mascotastiktok
Pets;mascotasurbanas
Pets;mascotasvirales
Pets;mascotasvirales2025
Pets;mascotasvivienda
Pets;mascotasybebes
Pets;mascotasyemociones
Pets;mascotaviraltiktok
Pets;mascotayniños
Pets;obedienciaperros
Pets;paseogato
Pets;paseoperros
Pets;peces
Pets;peluqueriacanina
Pets;perritotierno
Pets;perritoviral
Pets;perro
Pets;perroguardian
Pets;perrosfelices
Pets;perrosjugando
Pets;perroygato
Pets;petcare
Pets;piensocanino
Pets;protectorademascotas
Pets;relacionmascota
Pets;rescateanimal
Pets;ropaParaMascotas
Pets;trucosperros
Pets;veterinario
Pets;vetonline
Pets;vidademascota
Pets;vidapet
Sports & Outdoor;acampada
Sports & Outdoor;actividadairelibre
Sports & Outdoor;alpinismo
Sports & Outdoor;bádminton
Sports & Outdoor;baloncestocallejero
Sports & Outdoor;barranquismo
Sports & Outdoor;basket3x3
Sports & Outdoor;beisbol
Sports & Outdoor;bicimontaña
Sports & Outdoor;bicipaseo
Sports & Outdoor;biciurbana
Sports & Outdoor;boxeador
Sports & Outdoor;buceo
Sports & Outdoor;bungee
Sports & Outdoor;caminatas
Sports & Outdoor;camping
Sports & Outdoor;carreras5k
Sports & Outdoor;carreraspopulares
Sports & Outdoor;ciclismo
Sports & Outdoor;ciclismoruta
Sports & Outdoor;coachdeportivo
Sports & Outdoor;competenciadeportiva
Sports & Outdoor;crossfitoutdoor
Sports & Outdoor;defensapersonal
Sports & Outdoor;deporteactivo
Sports & Outdoor;deportes
Sports & Outdoor;deportesdeaventura
Sports & Outdoor;deportesinvierno
Sports & Outdoor;deporteysalud
Sports & Outdoor;ejercicioalAireLibre
Sports & Outdoor;entrenamientociclismo
Sports & Outdoor;equipamientodeporte
Sports & Outdoor;equipoentrenamiento
Sports & Outdoor;escalada
Sports & Outdoor;esquiando
Sports & Outdoor;esquiar
Sports & Outdoor;eventosdeportivos
Sports & Outdoor;excursionismo
Sports & Outdoor;explorador
Sports & Outdoor;fisiodeportivo
Sports & Outdoor;fitnessalaparc
Sports & Outdoor;fogata
Sports & Outdoor;fútbol
Sports & Outdoor;futbolcallejero
Sports & Outdoor;futbolindoor
Sports & Outdoor;futbolplaya
Sports & Outdoor;gimnasionatural
Sports & Outdoor;golf
Sports & Outdoor;gym
Sports & Outdoor;hidrataciondeportiva
Sports & Outdoor;hockey
Sports & Outdoor;jiujitsu
Sports & Outdoor;juegosnacionales
Sports & Outdoor;karate
Sports & Outdoor;kickboxing
Sports & Outdoor;kitesurf
Sports & Outdoor;ligaslocales
Sports & Outdoor;longboard
Sports & Outdoor;maratón
Sports & Outdoor;maraton10k
Sports & Outdoor;montañismo
Sports & Outdoor;motociclismo
Sports & Outdoor;movimientolibre
Sports & Outdoor;muaythai
Sports & Outdoor;natación
Sports & Outdoor;naturalezaydeporte
Sports & Outdoor;NBA
Sports & Outdoor;nocheestrellas
Sports & Outdoor;nutriciondeportiva
Sports & Outdoor;olimpiadas2024
Sports & Outdoor;outdoorfitness
Sports & Outdoor;paracaidismo
Sports & Outdoor;parapente
Sports & Outdoor;parkour
Sports & Outdoor;patinaje
Sports & Outdoor;pesca
Sports & Outdoor;pescadeportiva
Sports & Outdoor;rafting
Sports & Outdoor;recoveryday
Sports & Outdoor;rendimientodeportivo
Sports & Outdoor;resistenciadeportiva
Sports & Outdoor;retodeportivo
Sports & Outdoor;rocodromo
Sports & Outdoor;roller
Sports & Outdoor;ropaentrenamiento
Sports & Outdoor;ropaoutdoor
Sports & Outdoor;rugby
Sports & Outdoor;rutaaventura
Sports & Outdoor;rutinasdeportiva
Sports & Outdoor;rutinasenparque
Sports & Outdoor;senderismo
Sports & Outdoor;senderos
Sports & Outdoor;skatepark
Sports & Outdoor;snorkel
Sports & Outdoor;snowboarding
Sports & Outdoor;spinning
Sports & Outdoor;suplementacion
Sports & Outdoor;surfing
Sports & Outdoor;taekwondo
Sports & Outdoor;tenis
Sports & Outdoor;tenismesamesa
Sports & Outdoor;travesia
Sports & Outdoor;trekking
Sports & Outdoor;ultramaraton
Sports & Outdoor;vidadeportiva
Sports & Outdoor;voleibol
Sports & Outdoor;windsurf
Sports & Outdoor;zapatillasrunning
Tech & Electronics;accesoriosmovil
Tech & Electronics;accesoriostech
Tech & Electronics;alexa
Tech & Electronics;almacenamientonube
Tech & Electronics;altavocesportatil
Tech & Electronics;altavozinteligente
Tech & Electronics;aparatologiabienestar
Tech & Electronics;appsproductividad
Tech & Electronics;aprendizajeautomatico
Tech & Electronics;asistentedevoz
Tech & Electronics;aumentorealidad
Tech & Electronics;auricularesbluetooth
Tech & Electronics;auricularesinalambricos
Tech & Electronics;bateriaexterna
Tech & Electronics;beautytech
Tech & Electronics;camara4k
Tech & Electronics;cancelacionruido
Tech & Electronics;cargadorrapido
Tech & Electronics;cascodeVR
Tech & Electronics;chipneural
Tech & Electronics;depiladoralaser
Tech & Electronics;discodurossd
Tech & Electronics;dispositivosmedicos
Tech & Electronics;domoticahogar
Tech & Electronics;droneconcamara
Tech & Electronics;dronefpv
Tech & Electronics;echodot
Tech & Electronics;escritoriogaming
Tech & Electronics;estabilizador
Tech & Electronics;fotografiainnovadora
Tech & Electronics;friggobelleza
Tech & Electronics;gadgetsinteligentes
Tech & Electronics;gadgetsnuevos
Tech & Electronics;gafasVR
Tech & Electronics;gamingPC
Tech & Electronics;googlehome
Tech & Electronics;gopro
Tech & Electronics;gpsinteligente
Tech & Electronics;grabacion360
Tech & Electronics;graficadigital
Tech & Electronics;hardwareavanzado
Tech & Electronics;IA
Tech & Electronics;iaeducativa
Tech & Electronics;inteligenciaartificial
Tech & Electronics;inventostecnologicos
Tech & Electronics;iotdevices
Tech & Electronics;laptop2025
Tech & Electronics;luzinteligente
Tech & Electronics;machinelearning
Tech & Electronics;microsstreaming
Tech & Electronics;monitoractividad
Tech & Electronics;nuevatecnologia
Tech & Electronics;oximetros
Tech & Electronics;pantallagamer
Tech & Electronics;portatileslivianos
Tech & Electronics;procesadordigital
Tech & Electronics;programación
Tech & Electronics;puertousb
Tech & Electronics;ratongamer
Tech & Electronics;realidadaumentada
Tech & Electronics;realidadvirtual
Tech & Electronics;relojinteligente
Tech & Electronics;reseñastech
Tech & Electronics;review
Tech & Electronics;robot
Tech & Electronics;robotaspirador
Tech & Electronics;robotica
Tech & Electronics;seguimientofacial
Tech & Electronics;sensorritmo
Tech & Electronics;sillaergonomica
Tech & Electronics;smartband
Tech & Electronics;smarthome
Tech & Electronics;smartphone
Tech & Electronics;streaminggear
Tech & Electronics;tabletasgraficas
Tech & Electronics;tarjetagrafica
Tech & Electronics;tecladogamer
Tech & Electronics;tecnología
Tech & Electronics;tecnologiaeducativa
Tech & Electronics;tecnologiafitness
Tech & Electronics;tecnologiafuturo
Tech & Electronics;tecnologiaparasalon
Tech & Electronics;tecnologiaparastreamers
Tech & Electronics;tecnologiaparatodos
Tech & Electronics;tecnologiaparaviajes
Tech & Electronics;tecnologiaviral
Tech & Electronics;termometrosdigitales
Tech & Electronics;unboxing
Tech & Electronics;unboxingelectronica
Tech & Electronics;videotimeLapse
Tech & Electronics;VR
Tech & Electronics;wearablesalud
Travel;aduanas
Travel;aeropuertotips
Travel;Airbnb
Travel;airbnblovers
Travel;alojamientosunicos
Travel;appsdeviaje
Travel;atracciones
Travel;autocaravanaaventura
Travel;aventura
Travel;aventuraexterior
Travel;blogdeviajes
Travel;camperlife
Travel;checklistviaje
Travel;ciudad
Travel;ciudadesconencanto
Travel;comidalocal
Travel;comparadorvuelos
Travel;consejosviajeros
Travel;creadorviajero
Travel;crucero
Travel;degustacioncultural
Travel;deportesextremos
Travel;destinosincreibles
Travel;destinosinstagram
Travel;documentosviaje
Travel;emergenciaviajera
Travel;equipajedeviaje
Travel;escapadadefinde
Travel;escapadainolvidable
Travel;escapadasromanticas
Travel;excursiones
Travel;experienciacultural
Travel;experienciasunicas
Travel;festivalesdelmundo
Travel;fotografiasviaje
Travel;gastronomiaviajera
Travel;guiaexcursion
Travel;guiaviajera
Travel;hostelworld
Travel;hotelboutique
Travel;hotelesunicos
Travel;islasparaiso
Travel;itinerario
Travel;lugaresmagicos
Travel;maleta
Travel;maletaorganizada
Travel;mapasinteractivos
Travel;mapasmundo
Travel;mochilaideal
Travel;mochilero
Travel;mochileroaventurero
Travel;naturalezaincreible
Travel;naturalezapuraviaje
Travel;ofertasviaje
Travel;paisajesimpactantes
Travel;pasaportealDia
Travel;planificatuviaje
Travel;playa
Travel;playassecretas
Travel;pueblospintorescos
Travel;puntosinteres
Travel;recorrido
Travel;reelsdeviaje
Travel;relatosviajeros
Travel;roadtripespaña
Travel;roadtripeuropa
Travel;ruta
Travel;rutasenvan
Travel;rutasgastronomicas
Travel;rutassecretas
Travel;segurodeviaje
Travel;solotravel
Travel;temporadabaja
Travel;tipsdeviaje
Travel;tripplanner
Travel;turismo
Travel;turismonacional
Travel;turismorural
Travel;vacacionesperfectas
Travel;vantrip
Travel;viajardesdeespaña
Travel;viajarenfurgoneta
Travel;viajarentren
Travel;viajarporlibre
Travel;viajarsolo
Travel;viaje2025
Travel;viajeafrica
Travel;viajealemania
Travel;viajeasia
Travel;viajebali
Travel;viajeconniños
Travel;viajeenavion
Travel;viajeenespaña
Travel;viajeentren
Travel;viajefamiliar
Travel;viajefrancia
Travel;viajehistórico
Travel;viajeitalia
Travel;viajeliterario
Travel;viajelujo
Travel;viajeorganizado
Travel;viajeporeuropa
Travel;viajeportugal
Travel;viajeras
Travel;viajes
Travel;viajesbaratos
Travel;viajesudamerica
Travel;viajesvirales
Travel;visadigital
Travel;vuelosbaratos
Vehicle & Transportation;4x4todoterreno
Vehicle & Transportation;aerolineaexperiencia
Vehicle & Transportation;appsauto
Vehicle & Transportation;asistenciaconduccion
Vehicle & Transportation;autobusurbano
Vehicle & Transportation;autocaravanas
Vehicle & Transportation;autolujoso
Vehicle & Transportation;automóvil
Vehicle & Transportation;automovilelectrico
Vehicle & Transportation;autonomiaEV
Vehicle & Transportation;autoscompactos
Vehicle & Transportation;autosdeportivos
Vehicle & Transportation;aviación
Vehicle & Transportation;aviacioncivil
Vehicle & Transportation;avioncomercial
Vehicle & Transportation;batería
Vehicle & Transportation;bateriaauto
Vehicle & Transportation;bicicleta
Vehicle & Transportation;bicicletaelectrica
Vehicle & Transportation;bolt
Vehicle & Transportation;bus
Vehicle & Transportation;cabify
Vehicle & Transportation;camarareversa
Vehicle & Transportation;cambiaceite
Vehicle & Transportation;camión
Vehicle & Transportation;camionetas
Vehicle & Transportation;camionviajero
Vehicle & Transportation;campers
Vehicle & Transportation;carrosinteligentes
Vehicle & Transportation;ceramicoauto
Vehicle & Transportation;checkinmovil
Vehicle & Transportation;cochecompartido
Vehicle & Transportation;coches
Vehicle & Transportation;cochesclásicos
Vehicle & Transportation;cocheselectricos
Vehicle & Transportation;conduccion
Vehicle & Transportation;conduccionautonoma
Vehicle & Transportation;conduccionnocturna
Vehicle & Transportation;conductorrideshare
Vehicle & Transportation;cuatrimoto
Vehicle & Transportation;detailing
Vehicle & Transportation;detectorobstaculos
Vehicle & Transportation;diagnosticocarro
Vehicle & Transportation;diagnosticovirtual
Vehicle & Transportation;droneentrega
Vehicle & Transportation;dronenvios
Vehicle & Transportation;estacionamientoasistido
Vehicle & Transportation;esteticaautomovil
Vehicle & Transportation;F1
Vehicle & Transportation;ferrocarril
Vehicle & Transportation;frenos
Vehicle & Transportation;furgonetas
Vehicle & Transportation;gpscoche
Vehicle & Transportation;hoverboard
Vehicle & Transportation;inteligenciaautomotriz
Vehicle & Transportation;lavadoauto
Vehicle & Transportation;llantas
Vehicle & Transportation;logisticavehicular
Vehicle & Transportation;manejoseguro
Vehicle & Transportation;mantenimientovehicular
Vehicle & Transportation;mapasnavegacion
Vehicle & Transportation;metro
Vehicle & Transportation;metrolinea
Vehicle & Transportation;micromovilidad
Vehicle & Transportation;modificacionesvehiculo
Vehicle & Transportation;monopatin
Vehicle & Transportation;motocicletadeportiva
Vehicle & Transportation;motocross
Vehicle & Transportation;motoelectrica
Vehicle & Transportation;motoexperiencia
Vehicle & Transportation;motor
Vehicle & Transportation;motos
Vehicle & Transportation;movilidad
Vehicle & Transportation;movilidadelectrica
Vehicle & Transportation;movilidadfutura
Vehicle & Transportation;movilidadsostenible
Vehicle & Transportation;neumaticos
Vehicle & Transportation;pickup
Vehicle & Transportation;pulido
Vehicle & Transportation;recargaelectrica
Vehicle & Transportation;reparacioncoche
Vehicle & Transportation;revisiontecnica
Vehicle & Transportation;rideshare
Vehicle & Transportation;ruedas
Vehicle & Transportation;rutasoptimas
Vehicle & Transportation;scooter
Vehicle & Transportation;seguridadvehicular
Vehicle & Transportation;sensorparqueo
Vehicle & Transportation;suspension
Vehicle & Transportation;SUV2025
Vehicle & Transportation;tablerodigital
Vehicle & Transportation;taxiapp
Vehicle & Transportation;tecnologiaautomovil
Vehicle & Transportation;tesla
Vehicle & Transportation;transportealternativo
Vehicle & Transportation;transporteinteligente
Vehicle & Transportation;transporteurbano
Vehicle & Transportation;trenrapido
Vehicle & Transportation;tuningelectrico
Vehicle & Transportation;uberexperiencia
Vehicle & Transportation;vanconversion
Vehicle & Transportation;vehiculocompartido
Vehicle & Transportation;vehiculoconectado
Vehicle & Transportation;vehiculoelectrico
Vehicle & Transportation;vehiculofamiliar
Vehicle & Transportation;vehiculos
Vehicle & Transportation;vehiculosrecreativos
Vehicle & Transportation;viajeaereo
Vehicle & Transportation;viajescompartidos
Vehicle & Transportation;volantedigital
